id,name,plan_type,hsa_eligible,individual_medical_deductible,family_medical_deductible,plan_coinsurance,premium,child_eyewear,child_eye_exam,child_dental,level,plan_levels
70893GA0060014,Standard Gold SELECT Wellstar,HMO,False,1500,3000,25,1559.9,0,0,0,gold,5.0
70893GA0060013,Standard Silver SELECT Wellstar,HMO,False,5000,10000,40,1495.88,0,0,0,silver,1.0
70893GA0010077,Standard Silver,HMO,False,5000,10000,40,1628.46,0,0,0,silver,1.0
70893GA0010074,Elite Gold,HMO,False,0,0,30,1899.63,0,0,0,gold,5.0
70893GA0010071,Everyday Gold,HMO,False,750,1500,35,1691.63,0,0,0,gold,5.0
70893GA0010078,Standard Gold,HMO,False,1500,3000,25,1698.15,0,0,0,gold,5.0
70893GA0030017,Complete Silver + Vision + Adult Dental,HMO,False,6000,12000,40,1694.06,0,0,0,silver,1.0
70893GA0030070,Focused Silver + Vision + Adult Dental,HMO,False,6300,12600,50,1689.72,0,0,0,silver,1.0
70893GA0030020,Complete Gold + Vision + Adult Dental,HMO,False,1450,2900,20,1791.81,0,0,0,gold,5.0
70893GA0030074,Clear Gold + Vision + Adult Dental,HMO,False,900,1800,30,1712.76,0,0,0,gold,5.0
70893GA0030071,Everyday Gold + Vision + Adult Dental,HMO,False,750,1500,35,1739.96,0,0,0,gold,5.0
70893GA0030077,Standard Silver + Vision + Adult Dental,HMO,False,5000,10000,40,1674.99,0,0,0,silver,1.0
70893GA0030078,Standard Gold + Vision + Adult Dental,HMO,False,1500,3000,25,1746.67,0,0,0,gold,5.0
70893GA0030075,Elite Gold + Vision + Adult Dental,HMO,False,0,0,30,1953.91,0,0,0,gold,5.0
70893GA0010017,Complete Silver,HMO,False,6000,12000,40,1647.0,0,0,0,silver,1.0
70893GA0010020,Complete Gold,HMO,False,1450,2900,20,1742.04,0,0,0,gold,5.0
70893GA0010068,Clear Silver with $0 Insulin Options,HMO,False,6500,13000,0,1615.66,0,0,0,silver,1.0
70893GA0010070,Focused Silver,HMO,False,6300,12600,50,1642.78,0,0,0,silver,1.0
70893GA0010073,Clear Gold,HMO,False,900,1800,30,1665.19,0,0,0,gold,5.0
15105GA0020008,Connect Silver 7000 Indiv Med Deductible,HMO,False,7000,14000,50,1864.14,0,0,0,silver,1.0
15105GA0020007,Connect Silver 5000 Indiv Med Deductible,HMO,False,5000,10000,40,1880.66,0,0,0,silver,1.0
15105GA0020006,Connect Silver 3700 Indiv Med Deductible,HMO,False,3700,7400,40,1867.18,0,0,0,silver,1.0
15105GA0020010,Connect Silver 2700 Indiv Med Deductible Enhanced Diabetes Care,HMO,False,2700,5400,40,1879.79,0,0,0,silver,1.0
15105GA0020012,Connect Gold 500 Indiv Med Deductible,HMO,False,500,1000,20,2467.34,0,0,0,gold,5.0
45495GA0040006,Ambetter Health Solutions Gold 2500,EPO,False,2500,5000,20,1797.53,0,0,0,gold,
45495GA0040005,Ambetter Health Solutions Gold 1500,EPO,False,1500,3000,20,1832.89,0,0,0,gold,
45495GA0040011,Ambetter Health Solutions Silver 4500,EPO,False,4500,9000,30,1450.27,0,0,0,silver,
45495GA0040007,Ambetter Health Solutions Gold 3000,EPO,False,3000,6000,20,1714.2,0,0,0,gold,
45495GA0040008,Ambetter Health Solutions Gold 3500,EPO,False,3500,7000,20,1778.22,0,0,0,gold,
45495GA0040010,Ambetter Health Solutions Silver 3500,EPO,False,3500,7000,30,1484.73,0,0,0,silver,
45495GA0040009,Ambetter Health Solutions Silver 1350,EPO,False,1350,2700,50,1561.79,0,0,0,silver,
45495GA0040012,Ambetter Health Solutions Silver 5500,EPO,False,5500,11000,50,1489.64,0,0,0,silver,
45495GA0040014,Ambetter Health Solutions Silver HSA 4000,EPO,True,4000,8000,20,1469.87,0,0,0,silver,
45495GA0040013,Ambetter Health Solutions Silver Copay HSA 4000,EPO,True,4000,8000,30,1464.72,0,0,0,silver,
45495GA0050005,Ambetter Health Solutions Gold 1500 + Vision + Adult Dental,EPO,False,1500,3000,20,1885.79,0,0,0,gold,
45495GA0050006,Ambetter Health Solutions Gold 2500 + Vision + Adult Dental,EPO,False,2500,5000,20,1849.42,0,0,0,gold,
45495GA0050008,Ambetter Health Solutions Gold 3500 + Vision + Adult Dental,EPO,False,3500,7000,20,1829.55,0,0,0,gold,
45495GA0050007,Ambetter Health Solutions Gold 3000 + Vision + Adult Dental,EPO,False,3000,6000,20,1763.68,0,0,0,gold,
45495GA0050009,Ambetter Health Solutions Silver 1350 + Vision + Adult Dental,EPO,False,1350,2700,50,1606.88,0,0,0,silver,
45495GA0050012,Ambetter Health Solutions Silver 5500 + Vision + Adult Dental,EPO,False,5500,11000,50,1532.64,0,0,0,silver,
45495GA0050010,Ambetter Health Solutions Silver 3500 + Vision + Adult Dental,EPO,False,3500,7000,30,1527.59,0,0,0,silver,
45495GA0050013,Ambetter Health Solutions Silver Copay HSA 4000 + Vision + Adult Dental,EPO,True,4000,8000,30,1507.0,0,0,0,silver,
45495GA0050014,Ambetter Health Solutions Silver HSA 4000 + Vision + Adult Dental,EPO,True,4000,8000,20,1512.3,0,0,0,silver,
45495GA0050011,Ambetter Health Solutions Silver 4500 + Vision + Adult Dental,EPO,False,4500,9000,30,1492.14,0,0,0,silver,
45334GA0020001,Anthem Silver Blue Value 3500 ($0 Virtual Visits + $0 Select Drugs),HMO,False,3500,7000,40,1530.09,0,0,0,silver,1.0
45334GA0020002,Anthem Silver Blue Value 4000 ($0 Virtual Visits + $0 Select Drugs),HMO,False,4000,8000,40,1511.29,0,0,0,silver,1.0
45334GA0020004,Anthem Silver Blue Value 4500 ($0 Virtual Visits + $0 Select Drugs),HMO,False,4500,9000,40,1506.05,0,0,0,silver,1.0
45334GA0020012,Anthem Silver Blue Value 5900/40%,HMO,False,5900,11800,40,1514.63,0,0,0,silver,1.0
45334GA0020005,Anthem Gold Blue Value 2550 ($0 Virtual Visits + $0 Select Drugs),HMO,False,2550,5100,15,1740.44,0,0,0,gold,5.0
49046GA0700027,Anthem Silver Pathway Guided Access 5350 ($0 Virtual PCP+$0 Select Drugs),HMO,False,5350,10700,20,1769.3,0,0,0,silver,1.0
49046GA0700019,Anthem Gold Pathway Guided Access 1350 ($0 Virtual PCP+$0 Select Drugs),HMO,False,1350,2700,10,2020.16,0,0,0,gold,5.0
49046GA0700060,Anthem Silver Pathway Guided Access 5900/40%,HMO,False,5900,11800,40,1776.5,0,0,0,silver,1.0
49046GA0700008,Anthem Silver Pathway Guided Access 4500 ($0 Virtual PCP+$0 Select Drugs),HMO,False,4500,9000,25,1779.62,0,0,0,silver,1.0
49046GA0700006,Anthem Silver Pathway Guided Access 2500 ($0 Virtual PCP+$0 Select Drugs),HMO,False,2500,5000,25,1845.13,0,0,0,silver,1.0
49046GA0700017,Anthem Silver Pathway Guided Access 3900 ($0 Virtual PCP+$0 Select Drugs),HMO,False,3900,7800,25,1796.27,0,0,0,silver,1.0
49046GA0700054,Anthem Silver Pathway PCP Copay Choice 4000 ($0 Virtual PCP+$0 Select Drugs),HMO,False,4000,8000,30,1703.11,0,0,0,silver,1.0
49046GA0700055,Anthem Gold Pathway PCP Copay Choice 1200 ($0 Virtual PCP+$0 Select Drugs),HMO,False,1200,2400,20,1907.87,0,0,0,gold,5.0
60224GA0020002,Core Gold 1500 $10 Generic Drugs Adult Vision & Fitness,HMO,False,1500,3000,25,2235.43,0,0,0,gold,5.0
60224GA0010014,Healthy Heart Gold 1500 $0 Select Drugs & Specialized Services,HMO,False,1500,3000,30,2300.83,0,0,0,gold,5.0
60224GA0010002,Core Gold 1500 $10 Generic Drugs,HMO,False,1500,3000,25,2220.43,0,0,0,gold,5.0
60224GA0020012,Diabetes Gold 1100 $0 Select Drugs & Specialized Services Adult Vision & Fitness,HMO,False,1100,2200,30,2361.61,0,0,0,gold,5.0
60224GA0010012,Diabetes Gold 1100 $0 Select Drugs & Specialized Services,HMO,False,1100,2200,30,2346.59,0,0,0,gold,5.0
60224GA0010011,Gold 1500 $15 Generic Drugs,HMO,False,1500,3000,25,2280.7,0,0,0,gold,5.0
60224GA0020014,Healthy Heart Gold 1500 $0 Select Drugs & Specialized Services Adult Vision & Fitness,HMO,False,1500,3000,30,2315.88,0,0,0,gold,5.0
60224GA0020011,Gold 1500 $15 Generic Drugs Adult Vision & Fitness,HMO,False,1500,3000,25,2295.71,0,0,0,gold,5.0
60224GA0010003,Low Premium Silver 6000 $3 Generic Drugs,HMO,False,6000,12000,40,1766.71,0,0,0,silver,1.0
60224GA0010010,Silver 5000 $20 Generic Drugs,HMO,False,5000,10000,40,1809.84,0,0,0,silver,1.0
60224GA0020010,Silver 5000 $20 Generic Drugs Adult Vision & Fitness,HMO,False,5000,10000,40,1824.86,0,0,0,silver,1.0
60224GA0020003,Low Premium Silver 6000 $3 Generic Drugs Adult Vision & Fitness,HMO,False,6000,12000,40,1781.73,0,0,0,silver,1.0
60224GA0010016,HDHP Preventive Silver 5500 $0 Select Drugs,HMO,True,5500,11000,0,2028.28,0,0,0,silver,1.0
60224GA0020013,Diabetes Silver 4000 $0 Select Drugs & Specialized Services Adult Vision & Fitness,HMO,False,4000,8000,50,1857.24,0,0,0,silver,1.0
60224GA0010013,Diabetes Silver 4000 $0 Select Drugs & Specialized Services,HMO,False,4000,8000,50,1842.24,0,0,0,silver,1.0
60224GA0020015,Healthy Heart Silver 4500 $0 Select Drugs & Specialized Services Adult Vision & Fitness,HMO,False,4500,9000,50,1838.27,0,0,0,silver,1.0
60224GA0010015,Healthy Heart Silver 4500 $0 Select Drugs & Specialized Services,HMO,False,4500,9000,50,1823.22,0,0,0,silver,1.0
58081GA0010079,Silver 5000 HSA Off Exchange,HMO,True,5000,10000,0,1315.77,50,0,0,silver,1.0
58081GA0010075,Silver 3500 HSA Off Exchange,HMO,True,3500,7000,20,1306.15,50,0,0,silver,1.0
58081GA0010074,Silver 3000 Off Exchange,HMO,False,3000,6000,25,1337.7,50,0,0,silver,1.0
58081GA0010081,Gold 0 Off Exchange,HMO,False,0,0,20,1833.71,50,0,0,gold,5.0
58081GA0010078,Silver 5000 Off Exchange,HMO,False,5000,10000,30,1309.72,50,0,0,silver,1.0
58081GA0010082,Buena Salud Dorado 1500 (fuera del mercado),HMO,False,1500,3000,30,1733.77,50,0,0,gold,5.0
58081GA0010080,Silver 7000 Off Exchange,HMO,False,7000,14000,25,1294.51,50,0,0,silver,1.0
58081GA0010085,Gold 3525 HSA Off Exchange,HMO,True,3525,7050,0,1691.27,50,0,0,gold,5.0
58081GA0010084,Gold 2000 Off Exchange,HMO,False,2000,4000,20,1760.63,50,0,0,gold,5.0
58081GA0010086,Gold 4000 Off Exchange,HMO,False,4000,8000,25,1651.19,50,0,0,gold,5.0
58081GA0010083,Gold 1500 MultiCondition Care Off Exchange,HMO,False,1500,3000,30,1749.97,50,0,0,gold,5.0
58081GA0010077,Silver 3750 MultiCondition Care Off Exchange,HMO,False,3750,7500,40,1330.54,50,0,0,silver,1.0
58081GA0010076,Buena Salud Plateado 3750 (fuera del mercado),HMO,False,3750,7500,35,1320.81,50,0,0,silver,1.0
58081GA0010035,Gold Elite Saver Plus,HMO,False,0,0,20,1818.78,50,0,0,gold,5.0
58081GA0010045,Silver Simple Diabetes,HMO,False,6500,13000,50,1554.8,50,0,0,silver,1.0
58081GA0010053,Gold Classic Standard,HMO,False,1500,3000,25,1671.13,50,0,0,gold,5.0
58081GA0010025,Silver Simple PCP Saver,HMO,False,5750,11500,40,1540.76,50,0,0,silver,1.0
58081GA0010055,Buena Salud Plateado Estandar Clasico,HMO,False,5000,10000,40,1543.23,50,0,0,silver,1.0
58081GA0010052,Silver Classic Standard,HMO,False,5000,10000,40,1543.23,50,0,0,silver,1.0
58081GA0010015,Silver Simple,HMO,False,4400,8800,50,1549.69,50,0,0,silver,1.0
58081GA0010030,Silver Elite Saver Plus,HMO,False,0,0,50,1567.49,50,0,0,silver,3.0
89942GA0050022,KP GA Signature Gold 1000 Ded/500 Rx Ded,HMO,False,1000,2000,30,1703.33,0,20,0,gold,5.0
89942GA0050016,KP GA Signature Gold 500 Ded/500 Rx Ded,HMO,False,500,1000,30,1728.97,0,20,0,gold,5.0
89942GA0050027,KP GA Signature Gold 2000 Ded/500 Rx Ded,HMO,False,2000,4000,35,1578.78,0,20,0,gold,5.0
89942GA0050017,KP GA Signature Silver 3400 Ded/500 Rx Ded,HMO,False,3400,6800,40,1618.73,0,30,0,silver,1.0
89942GA0050025,KP GA Signature Silver 4500/35,HMO,False,4500,9000,35,1568.46,0,35,0,silver,1.0
89942GA0050031,KP GA Signature Silver Virtual Complete 5000,HMO,False,5000,10000,30,1500.75,0,40,0,silver,1.0
89942GA0070016,KP GA Signature Gold 500 Ded/500 Rx Ded,HMO,False,500,1000,30,1733.82,0,20,0,gold,5.0
89942GA0070022,KP GA Signature Gold 1000 Ded/500 Rx Ded,HMO,False,1000,2000,30,1708.09,0,20,0,gold,5.0
89942GA0070027,KP GA Signature Gold 2000 Ded/500 Rx Ded,HMO,False,2000,4000,35,1583.21,0,20,0,gold,5.0
89942GA0070033,KP GA Signature Silver Virtual Complete 5500,HMO,False,5500,11000,40,1324.23,0,50,0,silver,1.0
89942GA0070025,KP GA Signature Silver 4500/35,HMO,False,4500,9000,35,1432.6,0,35,0,silver,1.0
89942GA0070017,KP GA Signature Silver 3400 Ded/500 Rx Ded,HMO,False,3400,6800,40,1478.52,0,30,0,silver,1.0
89942GA0070031,KP GA Signature Silver Virtual Complete 5000,HMO,False,5000,10000,30,1370.8,0,40,0,silver,1.0
89942GA0150004,KP GA Signature Standard Silver 5000/40,HMO,False,5000,10000,40,1410.55,0,40,0,silver,1.0
89942GA0130004,KP GA Signature Standard Silver 5000/40,HMO,False,5000,10000,40,1544.33,0,40,0,silver,1.0
89942GA0130002,KP GA Signature Standard Gold 1500/30,HMO,False,1500,3000,25,1672.2,0,30,0,gold,5.0
89942GA0150002,KP GA Signature Standard Gold 1500/30,HMO,False,1500,3000,25,1676.87,0,30,0,gold,5.0
43802GA0040030,UHC Gold Standard,HMO,False,1500,3000,25,2470.76,25,0,0,gold,5.0
43802GA0040031,UHC Silver Copay Focus $0 Indiv Med Ded,HMO,False,0,0,30,2300.63,30,0,0,silver,3.0
43802GA0040036,UHC Silver Standard,HMO,False,5000,10000,40,2277.72,40,0,0,silver,1.0
43802GA0040034,UHC Silver Value ($3 Tier 2 Rx),HMO,False,3000,6000,40,2290.61,40,0,0,silver,1.0
43802GA0040044,UHC Silver Advantage ($3 Tier 2 Rx),HMO,False,2750,5500,30,2301.46,30,0,0,silver,1.0
43802GA0040045,UHC Gold Value,HMO,False,1500,3000,20,2431.01,20,0,0,gold,5.0
43802GA0040054,UHC Gold Advantage,HMO,False,1100,2200,20,2563.58,20,0,0,gold,5.0
43802GA0070001,"UHC Silver Advantage+ ($3 Tier 2 Rx, Dental + Vision)",HMO,False,2750,5500,30,2359.18,30,0,0,silver,1.0
43802GA0040047,UHC Gold Copay Focus $0 Indiv Med Ded,HMO,False,0,0,45,2535.02,45,0,0,gold,5.0
43802GA0070004,"UHC Silver Value+ ($3 Tier 2 Rx, Dental + Vision)",HMO,False,3000,6000,40,2348.35,40,0,0,silver,1.0
43802GA0070005,UHC Gold Advantage+ (Dental + Vision),HMO,False,1100,2200,20,2614.23,20,0,0,gold,5.0
43802GA0040049,"UHC Silver-X Advantage $2,750 Indiv Ded ($3 Tier 2 Rx) (Off-Exchange Only)",HMO,False,2750,5500,30,1997.76,30,0,0,silver,1.0
43802GA0040053,UHC Silver-X Copay Focus $0 Indiv Med Ded (Off-Exchange Only),HMO,False,0,0,30,2052.88,30,0,0,silver,3.0
43802GA0040052,UHC Silver-X Value HSA (Off-Exchange Only),HMO,True,3300,6600,30,1944.26,30,0,0,silver,1.0
43802GA0040051,UHC Silver-X Standard (Off-Exchange Only),HMO,False,5000,10000,40,1992.0,40,0,0,silver,1.0
43802GA0040050,UHC Silver-X Value ($3 Tier 2 Rx) (Off-Exchange Only),HMO,False,3000,6000,40,1958.71,50,0,0,silver,1.0
82824GA0110025,Silver S: Aetna network + $0 MinuteClinic + $0 CVS Health Virtual Primary Care,HMO,False,5000,10000,40,1763.12,10,10,0,silver,1.0
82824GA0110030,Gold 3 Advanced: Aetna network + $0 MinuteClinic + $0 CVS Health Virtual Primary Care,HMO,False,895,1790,45,2131.8,10,10,0,gold,5.0
82824GA0110013,Silver 5 Advanced: Aetna network + $0 MinuteClinic + $0 CVS Health Virtual Primary Care,HMO,False,7495,14990,50,1753.29,10,10,0,silver,1.0
82824GA0110019,Gold S: Aetna network + $0 MinuteClinic + $0 CVS Health Virtual Primary Care,HMO,False,1500,3000,25,2140.82,10,10,0,gold,5.0
82824GA0110039,Silver 10 Advanced: $0 PCP + Aetna network + $0 MinuteClinic + $0 CVS Health Virtual Primary Care,HMO,False,0,0,0,1844.06,10,10,0,silver,3.0
82824GA0110040,Silver 10 Advanced: $0 PCP + Aetna network + $0 MinuteClinic + Adult Dental + Vision,HMO,False,0,0,0,1926.33,10,10,0,silver,3.0
82824GA0110036,Gold 10 Advanced: $0 PCP + Aetna network + $0 MinuteClinic + Adult Dental + Vision,HMO,False,0,0,0,2375.74,10,10,0,gold,5.0
82824GA0110035,Gold 10 Advanced: $0 PCP + Aetna network + $0 MinuteClinic + $0 CVS Health Virtual Primary Care,HMO,False,0,0,0,2274.27,10,10,0,gold,5.0
82824GA0110038,Gold 3 Advanced: Aetna network + $0 MinuteClinic + Adult Dental + Vision,HMO,False,895,1790,45,2226.9,10,10,0,gold,5.0
82824GA0110042,Silver S: Aetna network + $0 MinuteClinic + $0 CVS Health Virtual Primary Care + Adult Dental+Vision,HMO,False,5000,10000,40,1841.78,10,10,0,silver,1.0
